[{"model": "admin.logentry", "pk": 1, "fields": {"action_time": "2022-01-09T07:46:07.098Z", "user": 1, "content_type": 6, "object_id": "1", "object_repr": "Category object (1)", "action_flag": 1, "change_message": "[{\"added\": {}}]"}}, {"model": "admin.logentry", "pk": 2, "fields": {"action_time": "2022-01-09T07:51:58.988Z", "user": 1, "content_type": 6, "object_id": "1", "object_repr": "Category object (1)", "action_flag": 3, "change_message": ""}}, {"model": "admin.logentry", "pk": 3, "fields": {"action_time": "2022-01-09T07:52:30.637Z", "user": 1, "content_type": 6, "object_id": "2", "object_repr": "Category object (2)", "action_flag": 1, "change_message": "[{\"added\": {}}]"}}, {"model": "admin.logentry", "pk": 4, "fields": {"action_time": "2022-01-10T08:37:44.809Z", "user": 1, "content_type": 6, "object_id": "3", "object_repr": "Category object (3)", "action_flag": 1, "change_message": "[{\"added\": {}}]"}}, {"model": "admin.logentry", "pk": 5, "fields": {"action_time": "2022-01-10T08:37:59.693Z", "user": 1, "content_type": 6, "object_id": "4", "object_repr": "Category object (4)", "action_flag": 1, "change_message": "[{\"added\": {}}]"}}, {"model": "admin.logentry", "pk": 6, "fields": {"action_time": "2022-01-10T08:38:10.161Z", "user": 1, "content_type": 6, "object_id": "3", "object_repr": "Category object (3)", "action_flag": 2, "change_message": "[{\"changed\": {\"fields\": [\"Category name\", \"Slug\"]}}]"}}, {"model": "admin.logentry", "pk": 7, "fields": {"action_time": "2022-01-10T08:38:27.088Z", "user": 1, "content_type": 6, "object_id": "5", "object_repr": "Category object (5)", "action_flag": 1, "change_message": "[{\"added\": {}}]"}}, {"model": "admin.logentry", "pk": 8, "fields": {"action_time": "2022-01-10T08:38:40.876Z", "user": 1, "content_type": 6, "object_id": "6", "object_repr": "Category object (6)", "action_flag": 1, "change_message": "[{\"added\": {}}]"}}, {"model": "admin.logentry", "pk": 9, "fields": {"action_time": "2022-01-10T08:41:50.289Z", "user": 1, "content_type": 8, "object_id": "1", "object_repr": "Product object (1)", "action_flag": 1, "change_message": "[{\"added\": {}}]"}}, {"model": "admin.logentry", "pk": 10, "fields": {"action_time": "2022-01-10T08:42:44.298Z", "user": 1, "content_type": 8, "object_id": "2", "object_repr": "Product object (2)", "action_flag": 1, "change_message": "[{\"added\": {}}]"}}, {"model": "admin.logentry", "pk": 11, "fields": {"action_time": "2022-01-10T08:43:17.205Z", "user": 1, "content_type": 8, "object_id": "3", "object_repr": "Product object (3)", "action_flag": 1, "change_message": "[{\"added\": {}}]"}}, {"model": "admin.logentry", "pk": 12, "fields": {"action_time": "2022-01-10T08:44:10.464Z", "user": 1, "content_type": 8, "object_id": "4", "object_repr": "Product object (4)", "action_flag": 1, "change_message": "[{\"added\": {}}]"}}, {"model": "admin.logentry", "pk": 13, "fields": {"action_time": "2022-01-10T08:44:57.085Z", "user": 1, "content_type": 8, "object_id": "5", "object_repr": "Product object (5)", "action_flag": 1, "change_message": "[{\"added\": {}}]"}}, {"model": "admin.logentry", "pk": 14, "fields": {"action_time": "2022-01-10T08:45:27.935Z", "user": 1, "content_type": 8, "object_id": "6", "object_repr": "Product object (6)", "action_flag": 1, "change_message": "[{\"added\": {}}]"}}, {"model": "admin.logentry", "pk": 15, "fields": {"action_time": "2022-01-10T08:46:04.270Z", "user": 1, "content_type": 8, "object_id": "7", "object_repr": "Product object (7)", "action_flag": 1, "change_message": "[{\"added\": {}}]"}}, {"model": "admin.logentry", "pk": 16, "fields": {"action_time": "2022-01-10T08:46:36.472Z", "user": 1, "content_type": 8, "object_id": "8", "object_repr": "Product object (8)", "action_flag": 1, "change_message": "[{\"added\": {}}]"}}, {"model": "admin.logentry", "pk": 17, "fields": {"action_time": "2022-01-11T06:44:32.898Z", "user": 1, "content_type": 8, "object_id": "1", "object_repr": "Product object (1)", "action_flag": 2, "change_message": "[{\"changed\": {\"fields\": [\"Stock\"]}}]"}}, {"model": "admin.logentry", "pk": 18, "fields": {"action_time": "2022-01-11T09:50:46.589Z", "user": 1, "content_type": 10, "object_id": "1", "object_repr": "CartItem object (1)", "action_flag": 3, "change_message": ""}}, {"model": "admin.logentry", "pk": 19, "fields": {"action_time": "2022-01-11T09:50:51.480Z", "user": 1, "content_type": 9, "object_id": "1", "object_repr": "Cart object (1)", "action_flag": 3, "change_message": ""}}, {"model": "admin.logentry", "pk": 20, "fields": {"action_time": "2022-01-12T08:07:47.623Z", "user": 1, "content_type": 8, "object_id": "8", "object_repr": "Product object (8)", "action_flag": 2, "change_message": "[{\"changed\": {\"fields\": [\"Description\"]}}]"}}, {"model": "admin.logentry", "pk": 21, "fields": {"action_time": "2022-01-12T08:08:04.566Z", "user": 1, "content_type": 8, "object_id": "7", "object_repr": "Product object (7)", "action_flag": 2, "change_message": "[{\"changed\": {\"fields\": [\"Product name\", \"Slug\", \"Description\"]}}]"}}, {"model": "admin.logentry", "pk": 22, "fields": {"action_time": "2022-01-12T08:56:06.789Z", "user": 1, "content_type": 11, "object_id": "1", "object_repr": "Variation object (1)", "action_flag": 1, "change_message": "[{\"added\": {}}]"}}, {"model": "admin.logentry", "pk": 23, "fields": {"action_time": "2022-01-13T05:37:10.483Z", "user": 1, "content_type": 11, "object_id": "2", "object_repr": "Variation object (2)", "action_flag": 1, "change_message": "[{\"added\": {}}]"}}, {"model": "admin.logentry", "pk": 24, "fields": {"action_time": "2022-01-13T05:54:14.266Z", "user": 1, "content_type": 11, "object_id": "3", "object_repr": "Variation object (3)", "action_flag": 1, "change_message": "[{\"added\": {}}]"}}, {"model": "admin.logentry", "pk": 25, "fields": {"action_time": "2022-01-13T05:55:59.352Z", "user": 1, "content_type": 11, "object_id": "4", "object_repr": "Variation object (4)", "action_flag": 1, "change_message": "[{\"added\": {}}]"}}, {"model": "admin.logentry", "pk": 26, "fields": {"action_time": "2022-01-13T05:57:26.879Z", "user": 1, "content_type": 11, "object_id": "3", "object_repr": "Variation object (3)", "action_flag": 3, "change_message": ""}}, {"model": "admin.logentry", "pk": 27, "fields": {"action_time": "2022-01-13T07:24:31.732Z", "user": 1, "content_type": 11, "object_id": "5", "object_repr": "Variation object (5)", "action_flag": 1, "change_message": "[{\"added\": {}}]"}}, {"model": "admin.logentry", "pk": 28, "fields": {"action_time": "2022-01-13T07:24:39.722Z", "user": 1, "content_type": 11, "object_id": "6", "object_repr": "Variation object (6)", "action_flag": 1, "change_message": "[{\"added\": {}}]"}}, {"model": "admin.logentry", "pk": 29, "fields": {"action_time": "2022-01-13T13:01:55.774Z", "user": 1, "content_type": 11, "object_id": "7", "object_repr": "Green", "action_flag": 1, "change_message": "[{\"added\": {}}]"}}, {"model": "admin.logentry", "pk": 30, "fields": {"action_time": "2022-01-13T13:02:03.879Z", "user": 1, "content_type": 11, "object_id": "8", "object_repr": "Large", "action_flag": 1, "change_message": "[{\"added\": {}}]"}}, {"model": "admin.logentry", "pk": 31, "fields": {"action_time": "2022-01-14T08:50:31.097Z", "user": 1, "content_type": 7, "object_id": "2", "object_repr": "will@gmail.com", "action_flag": 2, "change_message": "[{\"changed\": {\"fields\": [\"Is active\"]}}]"}}, {"model": "admin.logentry", "pk": 32, "fields": {"action_time": "2022-01-15T05:38:28.195Z", "user": 1, "content_type": 7, "object_id": "4", "object_repr": "safasdsadasdsdf@gmail.com", "action_flag": 3, "change_message": ""}}, {"model": "admin.logentry", "pk": 33, "fields": {"action_time": "2022-01-15T05:38:28.196Z", "user": 1, "content_type": 7, "object_id": "3", "object_repr": "safsdf@gmail.com", "action_flag": 3, "change_message": ""}}, {"model": "admin.logentry", "pk": 34, "fields": {"action_time": "2022-01-15T05:38:28.197Z", "user": 1, "content_type": 7, "object_id": "5", "object_repr": "user1@example.com", "action_flag": 3, "change_message": ""}}, {"model": "admin.logentry", "pk": 35, "fields": {"action_time": "2022-01-15T05:43:08.328Z", "user": 1, "content_type": 7, "object_id": "6", "object_repr": "william1993314000@gmail.com", "action_flag": 3, "change_message": ""}}, {"model": "admin.logentry", "pk": 36, "fields": {"action_time": "2022-01-15T05:43:30.224Z", "user": 1, "content_type": 7, "object_id": "7", "object_repr": "william1993314000@gmail.com", "action_flag": 3, "change_message": ""}}, {"model": "admin.logentry", "pk": 37, "fields": {"action_time": "2022-01-15T05:52:54.521Z", "user": 1, "content_type": 7, "object_id": "8", "object_repr": "william1993314000@gmail.com", "action_flag": 3, "change_message": ""}}, {"model": "admin.logentry", "pk": 38, "fields": {"action_time": "2022-01-15T06:05:54.586Z", "user": 1, "content_type": 7, "object_id": "9", "object_repr": "william1993314000@gmail.com", "action_flag": 3, "change_message": ""}}, {"model": "admin.logentry", "pk": 39, "fields": {"action_time": "2022-01-15T06:11:09.948Z", "user": 1, "content_type": 7, "object_id": "10", "object_repr": "william1993314000@gmail.com", "action_flag": 3, "change_message": ""}}, {"model": "admin.logentry", "pk": 40, "fields": {"action_time": "2022-01-15T06:45:19.646Z", "user": 1, "content_type": 7, "object_id": "11", "object_repr": "william1993314000@gmail.com", "action_flag": 3, "change_message": ""}}, {"model": "admin.logentry", "pk": 41, "fields": {"action_time": "2022-01-17T04:42:05.024Z", "user": 1, "content_type": 7, "object_id": "13", "object_repr": "ytfjugi@nbkj.com", "action_flag": 3, "change_message": ""}}, {"model": "admin.logentry", "pk": 42, "fields": {"action_time": "2022-01-17T04:42:05.026Z", "user": 1, "content_type": 7, "object_id": "12", "object_repr": "william1993314000@gmail.com", "action_flag": 3, "change_message": ""}}, {"model": "admin.logentry", "pk": 43, "fields": {"action_time": "2022-01-17T04:42:05.028Z", "user": 1, "content_type": 7, "object_id": "2", "object_repr": "will@gmail.com", "action_flag": 3, "change_message": ""}}, {"model": "admin.logentry", "pk": 44, "fields": {"action_time": "2022-01-17T04:45:04.287Z", "user": 1, "content_type": 7, "object_id": "14", "object_repr": "will@gmail.com", "action_flag": 3, "change_message": ""}}, {"model": "admin.logentry", "pk": 45, "fields": {"action_time": "2022-01-17T04:58:07.375Z", "user": 1, "content_type": 9, "object_id": "4", "object_repr": "Cart object (4)", "action_flag": 3, "change_message": ""}}, {"model": "admin.logentry", "pk": 46, "fields": {"action_time": "2022-01-17T04:58:07.377Z", "user": 1, "content_type": 9, "object_id": "3", "object_repr": "Cart object (3)", "action_flag": 3, "change_message": ""}}, {"model": "admin.logentry", "pk": 47, "fields": {"action_time": "2022-01-17T04:58:07.378Z", "user": 1, "content_type": 9, "object_id": "2", "object_repr": "Cart object (2)", "action_flag": 3, "change_message": ""}}, {"model": "admin.logentry", "pk": 48, "fields": {"action_time": "2022-01-17T04:58:07.379Z", "user": 1, "content_type": 9, "object_id": "1", "object_repr": "Cart object (1)", "action_flag": 3, "change_message": ""}}, {"model": "admin.logentry", "pk": 49, "fields": {"action_time": "2022-01-17T04:58:51.769Z", "user": 1, "content_type": 10, "object_id": "40", "object_repr": "CartItem object (40)", "action_flag": 3, "change_message": ""}}, {"model": "admin.logentry", "pk": 50, "fields": {"action_time": "2022-01-17T06:02:27.732Z", "user": 1, "content_type": 9, "object_id": "10", "object_repr": "Cart object (10)", "action_flag": 3, "change_message": ""}}, {"model": "admin.logentry", "pk": 51, "fields": {"action_time": "2022-01-17T06:02:27.733Z", "user": 1, "content_type": 9, "object_id": "9", "object_repr": "Cart object (9)", "action_flag": 3, "change_message": ""}}, {"model": "admin.logentry", "pk": 52, "fields": {"action_time": "2022-01-17T06:02:27.735Z", "user": 1, "content_type": 9, "object_id": "8", "object_repr": "Cart object (8)", "action_flag": 3, "change_message": ""}}, {"model": "admin.logentry", "pk": 53, "fields": {"action_time": "2022-01-17T06:02:27.736Z", "user": 1, "content_type": 9, "object_id": "7", "object_repr": "Cart object (7)", "action_flag": 3, "change_message": ""}}, {"model": "admin.logentry", "pk": 54, "fields": {"action_time": "2022-01-17T06:02:27.738Z", "user": 1, "content_type": 9, "object_id": "6", "object_repr": "Cart object (6)", "action_flag": 3, "change_message": ""}}, {"model": "admin.logentry", "pk": 55, "fields": {"action_time": "2022-01-17T06:02:27.739Z", "user": 1, "content_type": 9, "object_id": "5", "object_repr": "Cart object (5)", "action_flag": 3, "change_message": ""}}, {"model": "admin.logentry", "pk": 56, "fields": {"action_time": "2022-01-19T06:43:27.525Z", "user": 1, "content_type": 16, "object_id": "1", "object_repr": "Will", "action_flag": 1, "change_message": "[{\"added\": {}}]"}}, {"model": "admin.logentry", "pk": 57, "fields": {"action_time": "2022-01-19T11:27:37.096Z", "user": 1, "content_type": 8, "object_id": "8", "object_repr": "Blue Shirt", "action_flag": 2, "change_message": "[{\"added\": {\"name\": \"productgallery\", \"object\": \"Blue Shirt\"}}]"}}, {"model": "auth.permission", "pk": 1, "fields": {"name": "Can add log entry", "content_type": 1, "codename": "add_logentry"}}, {"model": "auth.permission", "pk": 2, "fields": {"name": "Can change log entry", "content_type": 1, "codename": "change_logentry"}}, {"model": "auth.permission", "pk": 3, "fields": {"name": "Can delete log entry", "content_type": 1, "codename": "delete_logentry"}}, {"model": "auth.permission", "pk": 4, "fields": {"name": "Can view log entry", "content_type": 1, "codename": "view_logentry"}}, {"model": "auth.permission", "pk": 5, "fields": {"name": "Can add permission", "content_type": 2, "codename": "add_permission"}}, {"model": "auth.permission", "pk": 6, "fields": {"name": "Can change permission", "content_type": 2, "codename": "change_permission"}}, {"model": "auth.permission", "pk": 7, "fields": {"name": "Can delete permission", "content_type": 2, "codename": "delete_permission"}}, {"model": "auth.permission", "pk": 8, "fields": {"name": "Can view permission", "content_type": 2, "codename": "view_permission"}}, {"model": "auth.permission", "pk": 9, "fields": {"name": "Can add group", "content_type": 3, "codename": "add_group"}}, {"model": "auth.permission", "pk": 10, "fields": {"name": "Can change group", "content_type": 3, "codename": "change_group"}}, {"model": "auth.permission", "pk": 11, "fields": {"name": "Can delete group", "content_type": 3, "codename": "delete_group"}}, {"model": "auth.permission", "pk": 12, "fields": {"name": "Can view group", "content_type": 3, "codename": "view_group"}}, {"model": "auth.permission", "pk": 13, "fields": {"name": "Can add content type", "content_type": 4, "codename": "add_contenttype"}}, {"model": "auth.permission", "pk": 14, "fields": {"name": "Can change content type", "content_type": 4, "codename": "change_contenttype"}}, {"model": "auth.permission", "pk": 15, "fields": {"name": "Can delete content type", "content_type": 4, "codename": "delete_contenttype"}}, {"model": "auth.permission", "pk": 16, "fields": {"name": "Can view content type", "content_type": 4, "codename": "view_contenttype"}}, {"model": "auth.permission", "pk": 17, "fields": {"name": "Can add session", "content_type": 5, "codename": "add_session"}}, {"model": "auth.permission", "pk": 18, "fields": {"name": "Can change session", "content_type": 5, "codename": "change_session"}}, {"model": "auth.permission", "pk": 19, "fields": {"name": "Can delete session", "content_type": 5, "codename": "delete_session"}}, {"model": "auth.permission", "pk": 20, "fields": {"name": "Can view session", "content_type": 5, "codename": "view_session"}}, {"model": "auth.permission", "pk": 21, "fields": {"name": "Can add category", "content_type": 6, "codename": "add_category"}}, {"model": "auth.permission", "pk": 22, "fields": {"name": "Can change category", "content_type": 6, "codename": "change_category"}}, {"model": "auth.permission", "pk": 23, "fields": {"name": "Can delete category", "content_type": 6, "codename": "delete_category"}}, {"model": "auth.permission", "pk": 24, "fields": {"name": "Can view category", "content_type": 6, "codename": "view_category"}}, {"model": "auth.permission", "pk": 25, "fields": {"name": "Can add account", "content_type": 7, "codename": "add_account"}}, {"model": "auth.permission", "pk": 26, "fields": {"name": "Can change account", "content_type": 7, "codename": "change_account"}}, {"model": "auth.permission", "pk": 27, "fields": {"name": "Can delete account", "content_type": 7, "codename": "delete_account"}}, {"model": "auth.permission", "pk": 28, "fields": {"name": "Can view account", "content_type": 7, "codename": "view_account"}}, {"model": "auth.permission", "pk": 29, "fields": {"name": "Can add product", "content_type": 8, "codename": "add_product"}}, {"model": "auth.permission", "pk": 30, "fields": {"name": "Can change product", "content_type": 8, "codename": "change_product"}}, {"model": "auth.permission", "pk": 31, "fields": {"name": "Can delete product", "content_type": 8, "codename": "delete_product"}}, {"model": "auth.permission", "pk": 32, "fields": {"name": "Can view product", "content_type": 8, "codename": "view_product"}}, {"model": "auth.permission", "pk": 33, "fields": {"name": "Can add cart", "content_type": 9, "codename": "add_cart"}}, {"model": "auth.permission", "pk": 34, "fields": {"name": "Can change cart", "content_type": 9, "codename": "change_cart"}}, {"model": "auth.permission", "pk": 35, "fields": {"name": "Can delete cart", "content_type": 9, "codename": "delete_cart"}}, {"model": "auth.permission", "pk": 36, "fields": {"name": "Can view cart", "content_type": 9, "codename": "view_cart"}}, {"model": "auth.permission", "pk": 37, "fields": {"name": "Can add cart item", "content_type": 10, "codename": "add_cartitem"}}, {"model": "auth.permission", "pk": 38, "fields": {"name": "Can change cart item", "content_type": 10, "codename": "change_cartitem"}}, {"model": "auth.permission", "pk": 39, "fields": {"name": "Can delete cart item", "content_type": 10, "codename": "delete_cartitem"}}, {"model": "auth.permission", "pk": 40, "fields": {"name": "Can view cart item", "content_type": 10, "codename": "view_cartitem"}}, {"model": "auth.permission", "pk": 41, "fields": {"name": "Can add variation", "content_type": 11, "codename": "add_variation"}}, {"model": "auth.permission", "pk": 42, "fields": {"name": "Can change variation", "content_type": 11, "codename": "change_variation"}}, {"model": "auth.permission", "pk": 43, "fields": {"name": "Can delete variation", "content_type": 11, "codename": "delete_variation"}}, {"model": "auth.permission", "pk": 44, "fields": {"name": "Can view variation", "content_type": 11, "codename": "view_variation"}}, {"model": "auth.permission", "pk": 45, "fields": {"name": "Can add payment", "content_type": 12, "codename": "add_payment"}}, {"model": "auth.permission", "pk": 46, "fields": {"name": "Can change payment", "content_type": 12, "codename": "change_payment"}}, {"model": "auth.permission", "pk": 47, "fields": {"name": "Can delete payment", "content_type": 12, "codename": "delete_payment"}}, {"model": "auth.permission", "pk": 48, "fields": {"name": "Can view payment", "content_type": 12, "codename": "view_payment"}}, {"model": "auth.permission", "pk": 49, "fields": {"name": "Can add order product", "content_type": 13, "codename": "add_orderproduct"}}, {"model": "auth.permission", "pk": 50, "fields": {"name": "Can change order product", "content_type": 13, "codename": "change_orderproduct"}}, {"model": "auth.permission", "pk": 51, "fields": {"name": "Can delete order product", "content_type": 13, "codename": "delete_orderproduct"}}, {"model": "auth.permission", "pk": 52, "fields": {"name": "Can view order product", "content_type": 13, "codename": "view_orderproduct"}}, {"model": "auth.permission", "pk": 53, "fields": {"name": "Can add order", "content_type": 14, "codename": "add_order"}}, {"model": "auth.permission", "pk": 54, "fields": {"name": "Can change order", "content_type": 14, "codename": "change_order"}}, {"model": "auth.permission", "pk": 55, "fields": {"name": "Can delete order", "content_type": 14, "codename": "delete_order"}}, {"model": "auth.permission", "pk": 56, "fields": {"name": "Can view order", "content_type": 14, "codename": "view_order"}}, {"model": "auth.permission", "pk": 57, "fields": {"name": "Can add review rating", "content_type": 15, "codename": "add_reviewrating"}}, {"model": "auth.permission", "pk": 58, "fields": {"name": "Can change review rating", "content_type": 15, "codename": "change_reviewrating"}}, {"model": "auth.permission", "pk": 59, "fields": {"name": "Can delete review rating", "content_type": 15, "codename": "delete_reviewrating"}}, {"model": "auth.permission", "pk": 60, "fields": {"name": "Can view review rating", "content_type": 15, "codename": "view_reviewrating"}}, {"model": "auth.permission", "pk": 61, "fields": {"name": "Can add user profile", "content_type": 16, "codename": "add_userprofile"}}, {"model": "auth.permission", "pk": 62, "fields": {"name": "Can change user profile", "content_type": 16, "codename": "change_userprofile"}}, {"model": "auth.permission", "pk": 63, "fields": {"name": "Can delete user profile", "content_type": 16, "codename": "delete_userprofile"}}, {"model": "auth.permission", "pk": 64, "fields": {"name": "Can view user profile", "content_type": 16, "codename": "view_userprofile"}}, {"model": "auth.permission", "pk": 65, "fields": {"name": "Can add productgallery", "content_type": 17, "codename": "add_productgallery"}}, {"model": "auth.permission", "pk": 66, "fields": {"name": "Can change productgallery", "content_type": 17, "codename": "change_productgallery"}}, {"model": "auth.permission", "pk": 67, "fields": {"name": "Can delete productgallery", "content_type": 17, "codename": "delete_productgallery"}}, {"model": "auth.permission", "pk": 68, "fields": {"name": "Can view productgallery", "content_type": 17, "codename": "view_productgallery"}}, {"model": "auth.permission", "pk": 69, "fields": {"name": "Can add login attempt", "content_type": 18, "codename": "add_loginattempt"}}, {"model": "auth.permission", "pk": 70, "fields": {"name": "Can change login attempt", "content_type": 18, "codename": "change_loginattempt"}}, {"model": "auth.permission", "pk": 71, "fields": {"name": "Can delete login attempt", "content_type": 18, "codename": "delete_loginattempt"}}, {"model": "auth.permission", "pk": 72, "fields": {"name": "Can view login attempt", "content_type": 18, "codename": "view_loginattempt"}}, {"model": "contenttypes.contenttype", "pk": 1, "fields": {"app_label": "admin", "model": "logentry"}}, {"model": "contenttypes.contenttype", "pk": 2, "fields": {"app_label": "auth", "model": "permission"}}, {"model": "contenttypes.contenttype", "pk": 3, "fields": {"app_label": "auth", "model": "group"}}, {"model": "contenttypes.contenttype", "pk": 4, "fields": {"app_label": "contenttypes", "model": "contenttype"}}, {"model": "contenttypes.contenttype", "pk": 5, "fields": {"app_label": "sessions", "model": "session"}}, {"model": "contenttypes.contenttype", "pk": 6, "fields": {"app_label": "category", "model": "category"}}, {"model": "contenttypes.contenttype", "pk": 7, "fields": {"app_label": "accounts", "model": "account"}}, {"model": "contenttypes.contenttype", "pk": 8, "fields": {"app_label": "store", "model": "product"}}, {"model": "contenttypes.contenttype", "pk": 9, "fields": {"app_label": "carts", "model": "cart"}}, {"model": "contenttypes.contenttype", "pk": 10, "fields": {"app_label": "carts", "model": "cartitem"}}, {"model": "contenttypes.contenttype", "pk": 11, "fields": {"app_label": "store", "model": "variation"}}, {"model": "contenttypes.contenttype", "pk": 12, "fields": {"app_label": "orders", "model": "payment"}}, {"model": "contenttypes.contenttype", "pk": 13, "fields": {"app_label": "orders", "model": "orderproduct"}}, {"model": "contenttypes.contenttype", "pk": 14, "fields": {"app_label": "orders", "model": "order"}}, {"model": "contenttypes.contenttype", "pk": 15, "fields": {"app_label": "store", "model": "reviewrating"}}, {"model": "contenttypes.contenttype", "pk": 16, "fields": {"app_label": "accounts", "model": "userprofile"}}, {"model": "contenttypes.contenttype", "pk": 17, "fields": {"app_label": "store", "model": "productgallery"}}, {"model": "contenttypes.contenttype", "pk": 18, "fields": {"app_label": "admin_honeypot", "model": "loginattempt"}}, {"model": "sessions.session", "pk": "jf3fn0g56y3vew7lbgdiqlpsnga8xjxw", "fields": {"session_data": ".eJxVjEEOwiAQRe_C2pAA04F26d4zkAGmFrXUFLoy3l2bdNPtf-_9j_CVa81L8bnk5lueuTaa314MCkEjKqu0dAAWu4vwtLXJb5VXn5MYhBKnLVB8ctlBelC5LzIupa05yF2RB63ytiR-XQ_3dDBRnfaaGDvDECghpt6Rwo6jg4QwunFkYEvBaVB9JFDAGlzSRv0rm4xxRnx_-ANGZw:1nARLl:ERLb0bVQ6lqmssDqMKhE1ptL2CzOzP_FV03c289L9fc", "expire_date": "2022-02-03T06:55:13.076Z"}}, {"model": "sessions.session", "pk": "l4qnnb5axyiojz1wjrh19xoi2q63ztgi", "fields": {"session_data": ".eJxVjDsOwjAQBe_iGlne-E9JzxmsXX9wANlSnFSIu0OkFNC-mXkvFnBba9hGXsKc2JkBO_1uhPGR2w7SHdut89jbuszEd4UfdPBrT_l5Ody_g4qjfmsPlHJRQtmstBMFQcUSJ5LCGKvBWfLae9KWBBZHJDWCk-AmTBGNFez9Ad1pN58:1nA96q:lovnvTjbClU0O6hxieGyBzsB7boaCs86uzMr1vS2DsE", "expire_date": "2022-02-02T11:26:36.350Z"}}, {"model": "sessions.session", "pk": "q1nwrqjg2o9segq0quut67cld2fz89yl", "fields": {"session_data": "e30:1nAV2W:qa95G3TiagxzGIMqnaI0hiek3XiTdkAK-WTDcNd5SDo", "expire_date": "2022-02-03T10:51:36.470Z"}}, {"model": "sessions.session", "pk": "ypd36e0w3wl16wdwbmlflvwkda7m3m4t", "fields": {"session_data": "eyJfc2Vzc2lvbl9pbml0X3RpbWVzdGFtcF8iOjE2NDI3NzEwNDYuMDUwNDN9:1nAtnC:75GfeLlcvXyF4gjKlr3pC8pFnq-88AZRSl4K9_dHXVM", "expire_date": "2022-02-04T13:17:26.051Z"}}, {"model": "category.category", "pk": 2, "fields": {"category_name": "Shirts", "slug": "shirts", "description": "photo of shirt", "cat_image": "photos/categories/shirts_Vll2OMI.jpg"}}, {"model": "category.category", "pk": 3, "fields": {"category_name": "T-shirts", "slug": "t-shirts", "description": "", "cat_image": "photos/categories/tshirts.jpg"}}, {"model": "category.category", "pk": 4, "fields": {"category_name": "shoes", "slug": "shoes", "description": "", "cat_image": "photos/categories/shoes.png"}}, {"model": "category.category", "pk": 5, "fields": {"category_name": "Jeans", "slug": "jeans", "description": "", "cat_image": "photos/categories/jeans.jpg"}}, {"model": "category.category", "pk": 6, "fields": {"category_name": "Jackets", "slug": "jackets", "description": "", "cat_image": "photos/categories/jackets.jpg"}}, {"model": "accounts.account", "pk": 1, "fields": {"password": "pbkdf2_sha256$260000$CGKbyBnEGAZh4LTqTq4C41$tfgZV/TivlayfYjBr5jWdOAaCUyt+D18/2htczF2kjg=", "first_name": "Will", "last_name": "Wu", "username": "root", "email": "root@gmail.com", "phone_number": "01111111", "data_joined": "2022-01-09T06:47:11.961Z", "last_login": "2022-01-20T19:22:26.696Z", "is_admin": true, "is_staff": true, "is_active": true, "is_superadmin": false}}, {"model": "accounts.account", "pk": 15, "fields": {"password": "pbkdf2_sha256$216000$d3sf428vqIQ7$uAMYjs9Mvqoud0AMNF+76Bx6fxZYEhd9R0A30GMfE98=", "first_name": "123", "last_name": "123", "username": "william1993314000", "email": "william1993314000@gmail.com", "phone_number": "1131313", "data_joined": "2022-01-17T04:45:24.460Z", "last_login": "2022-01-18T09:41:01.209Z", "is_admin": false, "is_staff": false, "is_active": true, "is_superadmin": false}}, {"model": "accounts.account", "pk": 16, "fields": {"password": "pbkdf2_sha256$216000$uWprVCDWOZOy$d5ql8vjnxQknbON95vRyjSBlZMNk34mM8P8TJzI2FHM=", "first_name": "yughiuugvh", "last_name": "huviuj", "username": "leewill4130", "email": "leewill4130@gmail.com", "phone_number": "768", "data_joined": "2022-01-19T07:29:15.359Z", "last_login": "2022-01-19T07:29:45.237Z", "is_admin": false, "is_staff": false, "is_active": true, "is_superadmin": false}}, {"model": "accounts.userprofile", "pk": 1, "fields": {"user": 1, "address_line_1": "dfghjk", "address_line_2": "jhghjkjhjk", "profile_picture": "userprofile/tshirts.jpg", "city": "hjkjh", "state": "jhjkjhjh", "country": "jh"}}, {"model": "accounts.userprofile", "pk": 2, "fields": {"user": 16, "address_line_1": "", "address_line_2": "", "profile_picture": "default/default-user.png", "city": "", "state": "", "country": ""}}, {"model": "store.product", "pk": 1, "fields": {"product_name": "Wrangler-Shirt", "slug": "wrangler-shirt", "description": "", "price": 49, "images": "photos/products/Wrangler-Shirt.jpg", "stock": 0, "is_available": true, "category": 2, "created_date": "2022-01-10T08:41:50.288Z", "modified_date": "2022-01-11T06:44:32.895Z"}}, {"model": "store.product", "pk": 2, "fields": {"product_name": "US-Polo-Assn_Jacket", "slug": "us-polo-assn_jacket", "description": "", "price": 199, "images": "photos/products/US-Polo-Assn_Jacket.jpg", "stock": 50, "is_available": true, "category": 6, "created_date": "2022-01-10T08:42:44.298Z", "modified_date": "2022-01-10T08:42:44.298Z"}}, {"model": "store.product", "pk": 3, "fields": {"product_name": "Puma Ferrari Shoes", "slug": "puma-ferrari-shoes", "description": "", "price": 39, "images": "photos/products/Puma-Ferrari-Shoes.jpg", "stock": 150, "is_available": true, "category": 6, "created_date": "2022-01-10T08:43:17.204Z", "modified_date": "2022-01-10T08:43:17.204Z"}}, {"model": "store.product", "pk": 4, "fields": {"product_name": "Mavi jeans", "slug": "mavi-jeans", "description": "", "price": 49, "images": "photos/products/Mavi_jeans.jpg", "stock": 32, "is_available": true, "category": 5, "created_date": "2022-01-10T08:44:10.463Z", "modified_date": "2022-01-18T06:26:21.788Z"}}, {"model": "store.product", "pk": 5, "fields": {"product_name": "Jordan true flight- shoes", "slug": "jordan-true-flight-shoes", "description": "", "price": 199, "images": "photos/products/jordan-true-flight-basketball-shoes.jpg", "stock": 40, "is_available": true, "category": 5, "created_date": "2022-01-10T08:44:57.084Z", "modified_date": "2022-01-10T08:44:57.084Z"}}, {"model": "store.product", "pk": 6, "fields": {"product_name": "Great T-shirt", "slug": "great-t-shirt", "description": "", "price": 49, "images": "photos/products/Great-Tshirt.jpg", "stock": 200, "is_available": true, "category": 5, "created_date": "2022-01-10T08:45:27.934Z", "modified_date": "2022-01-10T08:45:27.934Z"}}, {"model": "store.product", "pk": 7, "fields": {"product_name": "ATX- jeans", "slug": "atx-jeans", "description": "ATX jeans", "price": 69, "images": "photos/products/ATX-Jeans.jpg", "stock": 70, "is_available": true, "category": 4, "created_date": "2022-01-10T08:46:04.269Z", "modified_date": "2022-01-12T08:08:04.565Z"}}, {"model": "store.product", "pk": 8, "fields": {"product_name": "Blue Shirt", "slug": "blue-shirt", "description": "Blue shirt", "price": 29, "images": "photos/products/Blue-Shirt.jpg", "stock": 300, "is_available": true, "category": 3, "created_date": "2022-01-10T08:46:36.471Z", "modified_date": "2022-01-19T11:27:37.093Z"}}, {"model": "store.variation", "pk": 1, "fields": {"product": 1, "variation_category": "color", "variation_value": "Red", "is_active": true, "created_date": "2022-01-12T08:56:06.789Z"}}, {"model": "store.variation", "pk": 2, "fields": {"product": 4, "variation_category": "color", "variation_value": "Red", "is_active": true, "created_date": "2022-01-13T05:37:10.480Z"}}, {"model": "store.variation", "pk": 4, "fields": {"product": 4, "variation_category": "size", "variation_value": "small", "is_active": true, "created_date": "2022-01-13T05:55:59.352Z"}}, {"model": "store.variation", "pk": 5, "fields": {"product": 1, "variation_category": "color", "variation_value": "Red", "is_active": true, "created_date": "2022-01-13T07:24:31.731Z"}}, {"model": "store.variation", "pk": 6, "fields": {"product": 1, "variation_category": "size", "variation_value": "Small", "is_active": true, "created_date": "2022-01-13T07:24:39.722Z"}}, {"model": "store.variation", "pk": 7, "fields": {"product": 4, "variation_category": "color", "variation_value": "Green", "is_active": true, "created_date": "2022-01-13T13:01:55.773Z"}}, {"model": "store.variation", "pk": 8, "fields": {"product": 4, "variation_category": "size", "variation_value": "Large", "is_active": true, "created_date": "2022-01-13T13:02:03.879Z"}}, {"model": "store.reviewrating", "pk": 1, "fields": {"product": 4, "user": 1, "subject": "Good", "review": "test", "rating": 5.0, "ip": "127.0.0.1", "status": true, "created_at": "2022-01-18T08:14:23.750Z", "updated_at": "2022-01-18T08:14:23.750Z"}}, {"model": "store.productgallery", "pk": 1, "fields": {"product": 8, "image": "store/products/download_1.jpeg"}}, {"model": "carts.cart", "pk": 11, "fields": {"cart_id": "larurvfjme6w4ccp2fys2eifddjnjy6b", "date_added": "2022-01-17"}}, {"model": "carts.cart", "pk": 12, "fields": {"cart_id": "lkxirvfnak7y7g1xjlp86byr8gasavmu", "date_added": "2022-01-17"}}, {"model": "carts.cart", "pk": 13, "fields": {"cart_id": "daxywnusu5hzs0qvl5683rnhlu3q3nrf", "date_added": "2022-01-17"}}, {"model": "carts.cart", "pk": 14, "fields": {"cart_id": "b21a8lar4530beadteomj40frou79yb2", "date_added": "2022-01-17"}}, {"model": "carts.cart", "pk": 15, "fields": {"cart_id": "9w1o5wdfcc0lbicri5n9n0lfqiad7goh", "date_added": "2022-01-17"}}, {"model": "carts.cart", "pk": 16, "fields": {"cart_id": "x5ryifo85f6ue6vmzx5ek3ue5t9ocevg", "date_added": "2022-01-17"}}, {"model": "carts.cartitem", "pk": 46, "fields": {"user": null, "product": 4, "cart": 11, "quantity": 2, "is_active": true, "variations": [2, 4]}}, {"model": "carts.cartitem", "pk": 47, "fields": {"user": null, "product": 4, "cart": 11, "quantity": 1, "is_active": true, "variations": [7, 8]}}, {"model": "carts.cartitem", "pk": 50, "fields": {"user": null, "product": 4, "cart": 13, "quantity": 1, "is_active": true, "variations": [2, 4]}}, {"model": "carts.cartitem", "pk": 63, "fields": {"user": 1, "product": 4, "cart": null, "quantity": 1, "is_active": true, "variations": [4, 7]}}, {"model": "carts.cartitem", "pk": 64, "fields": {"user": 1, "product": 4, "cart": null, "quantity": 1, "is_active": true, "variations": [2, 8]}}, {"model": "orders.payment", "pk": 1, "fields": {"user": 1, "payment_id": "62D39370VX476071D", "payment_method": "PayPal", "amount_paid": "49.98", "status": "COMPLETED", "created_at": "2022-01-17T09:20:42.601Z"}}, {"model": "orders.payment", "pk": 2, "fields": {"user": 1, "payment_id": "1G7031710D499802W", "payment_method": "PayPal", "amount_paid": "49.98", "status": "COMPLETED", "created_at": "2022-01-18T03:05:19.859Z"}}, {"model": "orders.payment", "pk": 3, "fields": {"user": 1, "payment_id": "51X20157KT709964D", "payment_method": "PayPal", "amount_paid": "49.98", "status": "COMPLETED", "created_at": "2022-01-18T04:32:11.996Z"}}, {"model": "orders.payment", "pk": 4, "fields": {"user": 1, "payment_id": "2BM22650117530142", "payment_method": "PayPal", "amount_paid": "149.94", "status": "COMPLETED", "created_at": "2022-01-18T05:06:00.759Z"}}, {"model": "orders.payment", "pk": 5, "fields": {"user": 1, "payment_id": "1YE27423P9852414C", "payment_method": "PayPal", "amount_paid": "299.88", "status": "COMPLETED", "created_at": "2022-01-18T05:17:05.164Z"}}, {"model": "orders.payment", "pk": 6, "fields": {"user": 1, "payment_id": "9JW59697WY1309451", "payment_method": "PayPal", "amount_paid": "199.92", "status": "COMPLETED", "created_at": "2022-01-18T05:19:26.641Z"}}, {"model": "orders.payment", "pk": 7, "fields": {"user": 1, "payment_id": "9489759877790000M", "payment_method": "PayPal", "amount_paid": "49.98", "status": "COMPLETED", "created_at": "2022-01-18T05:48:28.071Z"}}, {"model": "orders.payment", "pk": 8, "fields": {"user": 1, "payment_id": "5F049843HX0402845", "payment_method": "PayPal", "amount_paid": "99.96", "status": "COMPLETED", "created_at": "2022-01-18T05:49:47.021Z"}}, {"model": "orders.payment", "pk": 9, "fields": {"user": 1, "payment_id": "1YK17279E33279453", "payment_method": "PayPal", "amount_paid": "99.96", "status": "COMPLETED", "created_at": "2022-01-18T05:51:46.403Z"}}, {"model": "orders.payment", "pk": 10, "fields": {"user": 15, "payment_id": "53124337ST5552747", "payment_method": "PayPal", "amount_paid": "49.98", "status": "COMPLETED", "created_at": "2022-01-18T05:53:36.037Z"}}, {"model": "orders.payment", "pk": 11, "fields": {"user": 15, "payment_id": "99V18600PV6970503", "payment_method": "PayPal", "amount_paid": "49.98", "status": "COMPLETED", "created_at": "2022-01-18T06:11:46.457Z"}}, {"model": "orders.payment", "pk": 12, "fields": {"user": 15, "payment_id": "4MT37404EA383441H", "payment_method": "PayPal", "amount_paid": "49.98", "status": "COMPLETED", "created_at": "2022-01-18T06:26:21.774Z"}}, {"model": "orders.order", "pk": 1, "fields": {"user": 1, "payment": null, "order_number": "202201171", "first_name": "fghj", "last_name": "njmk", "phone": "456789", "email": "567hgvb@gmail.com", "address_line_1": "ftyujkn", "address_line_2": "bvghjkmnbghj", "country": "hjkmnbhjm", "state": ",mnbhjk,mn", "city": "mbhjk", "order_note": "jhgbnjm", "order_total": 49.98, "tax": 0.98, "status": "New", "ip": "127.0.0.1", "is_ordered": false, "created_at": "2022-01-17T07:37:00.420Z", "updated_at": "2022-01-17T07:37:00.422Z"}}, {"model": "orders.order", "pk": 2, "fields": {"user": 1, "payment": null, "order_number": "202201172", "first_name": "ertyuiopo987654erfghjkl", "last_name": "7865rtfghjkl", "phone": "64576879", "email": "iuytfhgvjbk@gmail.com", "address_line_1": "uyghjk", "address_line_2": "jhbnkkjn", "country": "mnnm", "state": "mmn,mn,", "city": "knmn", "order_note": "mnmm", "order_total": 49.98, "tax": 0.98, "status": "New", "ip": "127.0.0.1", "is_ordered": false, "created_at": "2022-01-17T07:52:03.834Z", "updated_at": "2022-01-17T07:52:03.835Z"}}, {"model": "orders.order", "pk": 3, "fields": {"user": 1, "payment": null, "order_number": "202201173", "first_name": "ertyuiopo987654erfghjkl", "last_name": "7865rtfghjkl", "phone": "64576879", "email": "iuytfhgvjbk@gmail.com", "address_line_1": "uyghjk", "address_line_2": "jhbnkkjn", "country": "mnnm", "state": "mmn,mn,", "city": "knmn", "order_note": "mnmm", "order_total": 49.98, "tax": 0.98, "status": "New", "ip": "127.0.0.1", "is_ordered": false, "created_at": "2022-01-17T07:52:32.661Z", "updated_at": "2022-01-17T07:52:32.662Z"}}, {"model": "orders.order", "pk": 4, "fields": {"user": 1, "payment": null, "order_number": "202201174", "first_name": "ertyuiopo987654erfghjkl", "last_name": "7865rtfghjkl", "phone": "64576879", "email": "iuytfhgvjbk@gmail.com", "address_line_1": "uyghjk", "address_line_2": "jhbnkkjn", "country": "mnnm", "state": "mmn,mn,", "city": "knmn", "order_note": "mnmm", "order_total": 49.98, "tax": 0.98, "status": "New", "ip": "127.0.0.1", "is_ordered": false, "created_at": "2022-01-17T07:54:56.319Z", "updated_at": "2022-01-17T07:54:56.322Z"}}, {"model": "orders.order", "pk": 5, "fields": {"user": 1, "payment": null, "order_number": "202201175", "first_name": "ertyuiopo987654erfghjkl", "last_name": "7865rtfghjkl", "phone": "64576879", "email": "iuytfhgvjbk@gmail.com", "address_line_1": "uyghjk", "address_line_2": "jhbnkkjn", "country": "mnnm", "state": "mmn,mn,", "city": "knmn", "order_note": "mnmm", "order_total": 49.98, "tax": 0.98, "status": "New", "ip": "127.0.0.1", "is_ordered": false, "created_at": "2022-01-17T07:56:50.592Z", "updated_at": "2022-01-17T07:56:50.595Z"}}, {"model": "orders.order", "pk": 6, "fields": {"user": 1, "payment": null, "order_number": "202201176", "first_name": "ertyuiopo987654erfghjkl", "last_name": "7865rtfghjkl", "phone": "64576879", "email": "iuytfhgvjbk@gmail.com", "address_line_1": "uyghjk", "address_line_2": "jhbnkkjn", "country": "mnnm", "state": "mmn,mn,", "city": "knmn", "order_note": "mnmm", "order_total": 49.98, "tax": 0.98, "status": "New", "ip": "127.0.0.1", "is_ordered": false, "created_at": "2022-01-17T07:57:31.437Z", "updated_at": "2022-01-17T07:57:31.439Z"}}, {"model": "orders.order", "pk": 7, "fields": {"user": 1, "payment": null, "order_number": "202201177", "first_name": "ertyuiopo987654erfghjkl", "last_name": "7865rtfghjkl", "phone": "64576879", "email": "iuytfhgvjbk@gmail.com", "address_line_1": "uyghjk", "address_line_2": "jhbnkkjn", "country": "mnnm", "state": "mmn,mn,", "city": "knmn", "order_note": "mnmm", "order_total": 49.98, "tax": 0.98, "status": "New", "ip": "127.0.0.1", "is_ordered": false, "created_at": "2022-01-17T07:59:06.207Z", "updated_at": "2022-01-17T07:59:06.219Z"}}, {"model": "orders.order", "pk": 8, "fields": {"user": 1, "payment": null, "order_number": "202201178", "first_name": "ertyuiopo987654erfghjkl", "last_name": "7865rtfghjkl", "phone": "64576879", "email": "iuytfhgvjbk@gmail.com", "address_line_1": "uyghjk", "address_line_2": "jhbnkkjn", "country": "mnnm", "state": "mmn,mn,", "city": "knmn", "order_note": "mnmm", "order_total": 49.98, "tax": 0.98, "status": "New", "ip": "127.0.0.1", "is_ordered": false, "created_at": "2022-01-17T08:01:13.186Z", "updated_at": "2022-01-17T08:01:13.188Z"}}, {"model": "orders.order", "pk": 9, "fields": {"user": 1, "payment": null, "order_number": "202201179", "first_name": "ertyuiopo987654erfghjkl", "last_name": "7865rtfghjkl", "phone": "64576879", "email": "iuytfhgvjbk@gmail.com", "address_line_1": "uyghjk", "address_line_2": "jhbnkkjn", "country": "mnnm", "state": "mmn,mn,", "city": "knmn", "order_note": "mnmm", "order_total": 49.98, "tax": 0.98, "status": "New", "ip": "127.0.0.1", "is_ordered": false, "created_at": "2022-01-17T08:02:00.178Z", "updated_at": "2022-01-17T08:02:00.180Z"}}, {"model": "orders.order", "pk": 10, "fields": {"user": 1, "payment": null, "order_number": "2022011710", "first_name": "ertyuiopo987654erfghjkl", "last_name": "7865rtfghjkl", "phone": "64576879", "email": "iuytfhgvjbk@gmail.com", "address_line_1": "uyghjk", "address_line_2": "jhbnkkjn", "country": "mnnm", "state": "mmn,mn,", "city": "knmn", "order_note": "mnmm", "order_total": 49.98, "tax": 0.98, "status": "New", "ip": "127.0.0.1", "is_ordered": false, "created_at": "2022-01-17T08:03:38.789Z", "updated_at": "2022-01-17T08:03:38.792Z"}}, {"model": "orders.order", "pk": 11, "fields": {"user": 1, "payment": null, "order_number": "2022011711", "first_name": "ertyuiopo987654erfghjkl", "last_name": "7865rtfghjkl", "phone": "64576879", "email": "iuytfhgvjbk@gmail.com", "address_line_1": "uyghjk", "address_line_2": "jhbnkkjn", "country": "mnnm", "state": "mmn,mn,", "city": "knmn", "order_note": "mnmm", "order_total": 49.98, "tax": 0.98, "status": "New", "ip": "127.0.0.1", "is_ordered": false, "created_at": "2022-01-17T08:04:05.342Z", "updated_at": "2022-01-17T08:04:05.343Z"}}, {"model": "orders.order", "pk": 12, "fields": {"user": 1, "payment": null, "order_number": "2022011712", "first_name": "ertyuiopo987654erfghjkl", "last_name": "7865rtfghjkl", "phone": "64576879", "email": "iuytfhgvjbk@gmail.com", "address_line_1": "uyghjk", "address_line_2": "jhbnkkjn", "country": "mnnm", "state": "mmn,mn,", "city": "knmn", "order_note": "mnmm", "order_total": 49.98, "tax": 0.98, "status": "New", "ip": "127.0.0.1", "is_ordered": false, "created_at": "2022-01-17T08:04:07.139Z", "updated_at": "2022-01-17T08:04:07.141Z"}}, {"model": "orders.order", "pk": 13, "fields": {"user": 1, "payment": null, "order_number": "2022011713", "first_name": "ertyuiopo987654erfghjkl", "last_name": "7865rtfghjkl", "phone": "64576879", "email": "iuytfhgvjbk@gmail.com", "address_line_1": "uyghjk", "address_line_2": "jhbnkkjn", "country": "mnnm", "state": "mmn,mn,", "city": "knmn", "order_note": "mnmm", "order_total": 49.98, "tax": 0.98, "status": "New", "ip": "127.0.0.1", "is_ordered": false, "created_at": "2022-01-17T08:04:22.272Z", "updated_at": "2022-01-17T08:04:22.274Z"}}, {"model": "orders.order", "pk": 14, "fields": {"user": 1, "payment": null, "order_number": "2022011714", "first_name": "ertyuiopo987654erfghjkl", "last_name": "7865rtfghjkl", "phone": "64576879", "email": "iuytfhgvjbk@gmail.com", "address_line_1": "uyghjk", "address_line_2": "jhbnkkjn", "country": "mnnm", "state": "mmn,mn,", "city": "knmn", "order_note": "mnmm", "order_total": 49.98, "tax": 0.98, "status": "New", "ip": "127.0.0.1", "is_ordered": false, "created_at": "2022-01-17T08:04:24.553Z", "updated_at": "2022-01-17T08:04:24.554Z"}}, {"model": "orders.order", "pk": 15, "fields": {"user": 1, "payment": null, "order_number": "2022011715", "first_name": "ertyuiopo987654erfghjkl", "last_name": "7865rtfghjkl", "phone": "64576879", "email": "iuytfhgvjbk@gmail.com", "address_line_1": "uyghjk", "address_line_2": "jhbnkkjn", "country": "mnnm", "state": "mmn,mn,", "city": "knmn", "order_note": "mnmm", "order_total": 49.98, "tax": 0.98, "status": "New", "ip": "127.0.0.1", "is_ordered": false, "created_at": "2022-01-17T08:04:29.258Z", "updated_at": "2022-01-17T08:04:29.260Z"}}, {"model": "orders.order", "pk": 16, "fields": {"user": 1, "payment": null, "order_number": "2022011716", "first_name": "ertyuiopo987654erfghjkl", "last_name": "7865rtfghjkl", "phone": "64576879", "email": "iuytfhgvjbk@gmail.com", "address_line_1": "uyghjk", "address_line_2": "jhbnkkjn", "country": "mnnm", "state": "mmn,mn,", "city": "knmn", "order_note": "mnmm", "order_total": 49.98, "tax": 0.98, "status": "New", "ip": "127.0.0.1", "is_ordered": false, "created_at": "2022-01-17T08:04:46.474Z", "updated_at": "2022-01-17T08:04:46.476Z"}}, {"model": "orders.order", "pk": 17, "fields": {"user": 1, "payment": null, "order_number": "2022011717", "first_name": "ertyuiopo987654erfghjkl", "last_name": "7865rtfghjkl", "phone": "64576879", "email": "iuytfhgvjbk@gmail.com", "address_line_1": "uyghjk", "address_line_2": "jhbnkkjn", "country": "mnnm", "state": "mmn,mn,", "city": "knmn", "order_note": "mnmm", "order_total": 49.98, "tax": 0.98, "status": "New", "ip": "127.0.0.1", "is_ordered": false, "created_at": "2022-01-17T08:05:21.091Z", "updated_at": "2022-01-17T08:05:21.093Z"}}, {"model": "orders.order", "pk": 18, "fields": {"user": 1, "payment": null, "order_number": "2022011718", "first_name": "ertyuiopo987654erfghjkl", "last_name": "7865rtfghjkl", "phone": "64576879", "email": "iuytfhgvjbk@gmail.com", "address_line_1": "uyghjk", "address_line_2": "jhbnkkjn", "country": "mnnm", "state": "mmn,mn,", "city": "knmn", "order_note": "mnmm", "order_total": 49.98, "tax": 0.98, "status": "New", "ip": "127.0.0.1", "is_ordered": false, "created_at": "2022-01-17T08:39:50.795Z", "updated_at": "2022-01-17T08:39:50.798Z"}}, {"model": "orders.order", "pk": 19, "fields": {"user": 1, "payment": null, "order_number": "2022011719", "first_name": "ertyuiopo987654erfghjkl", "last_name": "7865rtfghjkl", "phone": "64576879", "email": "iuytfhgvjbk@gmail.com", "address_line_1": "uyghjk", "address_line_2": "jhbnkkjn", "country": "mnnm", "state": "mmn,mn,", "city": "knmn", "order_note": "mnmm", "order_total": 49.98, "tax": 0.98, "status": "New", "ip": "127.0.0.1", "is_ordered": false, "created_at": "2022-01-17T08:40:39.507Z", "updated_at": "2022-01-17T08:40:39.509Z"}}, {"model": "orders.order", "pk": 20, "fields": {"user": 1, "payment": null, "order_number": "2022011720", "first_name": "ertyuiopo987654erfghjkl", "last_name": "7865rtfghjkl", "phone": "64576879", "email": "iuytfhgvjbk@gmail.com", "address_line_1": "uyghjk", "address_line_2": "jhbnkkjn", "country": "mnnm", "state": "mmn,mn,", "city": "knmn", "order_note": "mnmm", "order_total": 49.98, "tax": 0.98, "status": "New", "ip": "127.0.0.1", "is_ordered": false, "created_at": "2022-01-17T08:42:10.684Z", "updated_at": "2022-01-17T08:42:10.686Z"}}, {"model": "orders.order", "pk": 21, "fields": {"user": 1, "payment": null, "order_number": "2022011721", "first_name": "ertyuiopo987654erfghjkl", "last_name": "7865rtfghjkl", "phone": "64576879", "email": "iuytfhgvjbk@gmail.com", "address_line_1": "uyghjk", "address_line_2": "jhbnkkjn", "country": "mnnm", "state": "mmn,mn,", "city": "knmn", "order_note": "mnmm", "order_total": 49.98, "tax": 0.98, "status": "New", "ip": "127.0.0.1", "is_ordered": false, "created_at": "2022-01-17T08:50:00.195Z", "updated_at": "2022-01-17T08:50:00.197Z"}}, {"model": "orders.order", "pk": 22, "fields": {"user": 1, "payment": null, "order_number": "2022011722", "first_name": "ertyuiopo987654erfghjkl", "last_name": "7865rtfghjkl", "phone": "64576879", "email": "iuytfhgvjbk@gmail.com", "address_line_1": "uyghjk", "address_line_2": "jhbnkkjn", "country": "mnnm", "state": "mmn,mn,", "city": "knmn", "order_note": "mnmm", "order_total": 49.98, "tax": 0.98, "status": "New", "ip": "127.0.0.1", "is_ordered": false, "created_at": "2022-01-17T09:09:16.813Z", "updated_at": "2022-01-17T09:09:16.815Z"}}, {"model": "orders.order", "pk": 23, "fields": {"user": 1, "payment": null, "order_number": "2022011723", "first_name": "ertyuiopo987654erfghjkl", "last_name": "7865rtfghjkl", "phone": "64576879", "email": "iuytfhgvjbk@gmail.com", "address_line_1": "uyghjk", "address_line_2": "jhbnkkjn", "country": "mnnm", "state": "mmn,mn,", "city": "knmn", "order_note": "mnmm", "order_total": 49.98, "tax": 0.98, "status": "New", "ip": "127.0.0.1", "is_ordered": false, "created_at": "2022-01-17T09:16:28.964Z", "updated_at": "2022-01-17T09:16:28.967Z"}}, {"model": "orders.order", "pk": 24, "fields": {"user": 1, "payment": 1, "order_number": "2022011724", "first_name": "ertyuiopo987654erfghjkl", "last_name": "7865rtfghjkl", "phone": "64576879", "email": "iuytfhgvjbk@gmail.com", "address_line_1": "uyghjk", "address_line_2": "jhbnkkjn", "country": "mnnm", "state": "mmn,mn,", "city": "knmn", "order_note": "mnmm", "order_total": 49.98, "tax": 0.98, "status": "New", "ip": "127.0.0.1", "is_ordered": true, "created_at": "2022-01-17T09:20:28.562Z", "updated_at": "2022-01-17T09:20:42.604Z"}}, {"model": "orders.order", "pk": 25, "fields": {"user": 1, "payment": 2, "order_number": "2022011825", "first_name": "tyu", "last_name": "hghjh", "phone": "hghjhghjhgh", "email": "hjkj@gmail.com", "address_line_1": "ertyujkj", "address_line_2": "hgfghjhgfgh", "country": "jbnjbj", "state": "jhbjb", "city": "ghhjh", "order_note": "hhhgfcvbnm", "order_total": 49.98, "tax": 0.98, "status": "New", "ip": "127.0.0.1", "is_ordered": true, "created_at": "2022-01-18T03:04:49.100Z", "updated_at": "2022-01-18T03:05:19.861Z"}}, {"model": "orders.order", "pk": 26, "fields": {"user": 1, "payment": 3, "order_number": "2022011826", "first_name": "tyu", "last_name": "hghjh", "phone": "hghjhghjhgh", "email": "hjkj@gmail.com", "address_line_1": "ertyujkj", "address_line_2": "hgfghjhgfgh", "country": "jbnjbj", "state": "jhbjb", "city": "ghhjh", "order_note": "hhhgfcvbnm", "order_total": 49.98, "tax": 0.98, "status": "New", "ip": "127.0.0.1", "is_ordered": true, "created_at": "2022-01-18T04:31:55.080Z", "updated_at": "2022-01-18T04:32:11.998Z"}}, {"model": "orders.order", "pk": 27, "fields": {"user": 1, "payment": 4, "order_number": "2022011827", "first_name": "ghjhyu", "last_name": "jhjnh", "phone": "okijhk", "email": "jnhjnhj@gmail.com", "address_line_1": "kjk", "address_line_2": "jkjkj", "country": "jkjjmkkjm", "state": "jmkjlk", "city": "kjkjk", "order_note": "kjmklkjmkk", "order_total": 149.94, "tax": 2.94, "status": "New", "ip": "127.0.0.1", "is_ordered": true, "created_at": "2022-01-18T05:05:48.398Z", "updated_at": "2022-01-18T05:06:00.761Z"}}, {"model": "orders.order", "pk": 28, "fields": {"user": 1, "payment": 5, "order_number": "2022011828", "first_name": "ytfughkugftdyfu", "last_name": "ghjfhkjbhvguhkjh", "phone": "kjvh", "email": "hjvgjknbhvb@gmail.com", "address_line_1": "guyhjbkl", "address_line_2": "jhvkhln", "country": "njbnkbkb", "state": "klnbknljbk", "city": "njkbhknlnjbh", "order_note": "mkb", "order_total": 299.88, "tax": 5.88, "status": "New", "ip": "127.0.0.1", "is_ordered": true, "created_at": "2022-01-18T05:16:48.424Z", "updated_at": "2022-01-18T05:17:05.165Z"}}, {"model": "orders.order", "pk": 29, "fields": {"user": 1, "payment": 6, "order_number": "2022011829", "first_name": "ghj", "last_name": "gk", "phone": "6", "email": "kg@gmail.com", "address_line_1": "7", "address_line_2": "77", "country": "77", "state": "7", "city": "7777", "order_note": "", "order_total": 199.92, "tax": 3.92, "status": "New", "ip": "127.0.0.1", "is_ordered": true, "created_at": "2022-01-18T05:19:13.188Z", "updated_at": "2022-01-18T05:19:26.642Z"}}, {"model": "orders.order", "pk": 30, "fields": {"user": 1, "payment": 7, "order_number": "2022011830", "first_name": "d", "last_name": "d", "phone": "w", "email": "william1993314000@gmail.com", "address_line_1": "w", "address_line_2": "w", "country": "w", "state": "w", "city": "w", "order_note": "", "order_total": 49.98, "tax": 0.98, "status": "New", "ip": "127.0.0.1", "is_ordered": true, "created_at": "2022-01-18T05:48:16.356Z", "updated_at": "2022-01-18T05:48:28.073Z"}}, {"model": "orders.order", "pk": 31, "fields": {"user": 1, "payment": 8, "order_number": "2022011831", "first_name": "dd", "last_name": "dd", "phone": "dd", "email": "william1993314000@gmail.com", "address_line_1": "d", "address_line_2": "d", "country": "d", "state": "d", "city": "d", "order_note": "", "order_total": 99.96, "tax": 1.96, "status": "New", "ip": "127.0.0.1", "is_ordered": true, "created_at": "2022-01-18T05:49:34.294Z", "updated_at": "2022-01-18T05:49:47.023Z"}}, {"model": "orders.order", "pk": 32, "fields": {"user": 1, "payment": 9, "order_number": "2022011832", "first_name": "e", "last_name": "e", "phone": "w", "email": "william1993314000@gmail.com", "address_line_1": "w", "address_line_2": "w", "country": "w", "state": "w", "city": "w", "order_note": "", "order_total": 99.96, "tax": 1.96, "status": "New", "ip": "127.0.0.1", "is_ordered": true, "created_at": "2022-01-18T05:51:34.565Z", "updated_at": "2022-01-18T05:51:46.405Z"}}, {"model": "orders.order", "pk": 33, "fields": {"user": 15, "payment": 10, "order_number": "2022011833", "first_name": "w", "last_name": "w", "phone": "1", "email": "william1993314000@gmail.com", "address_line_1": "1", "address_line_2": "1", "country": "1", "state": "1", "city": "1", "order_note": "", "order_total": 49.98, "tax": 0.98, "status": "New", "ip": "127.0.0.1", "is_ordered": true, "created_at": "2022-01-18T05:53:26.107Z", "updated_at": "2022-01-18T05:53:36.039Z"}}, {"model": "orders.order", "pk": 34, "fields": {"user": 15, "payment": 11, "order_number": "2022011834", "first_name": "w", "last_name": "w", "phone": "w", "email": "w@gvbn.com", "address_line_1": "7", "address_line_2": "87", "country": "uh", "state": "u", "city": "yu", "order_note": "", "order_total": 49.98, "tax": 0.98, "status": "New", "ip": "127.0.0.1", "is_ordered": true, "created_at": "2022-01-18T06:11:09.750Z", "updated_at": "2022-01-18T06:11:46.458Z"}}, {"model": "orders.order", "pk": 35, "fields": {"user": 15, "payment": 12, "order_number": "2022011835", "first_name": "www", "last_name": "hjh", "phone": "yufgh", "email": "www@gmail.com", "address_line_1": "hkjl", "address_line_2": "hbkbhk", "country": "knbnjk", "state": "nbknb", "city": "bknbknb", "order_note": "", "order_total": 49.98, "tax": 0.98, "status": "New", "ip": "127.0.0.1", "is_ordered": true, "created_at": "2022-01-18T06:26:09.040Z", "updated_at": "2022-01-18T06:26:21.776Z"}}, {"model": "orders.orderproduct", "pk": 1, "fields": {"order": 26, "payment": 3, "user": 1, "product": 4, "quantity": 1, "product_price": 49.0, "ordered": true, "created_at": "2022-01-18T04:32:12.001Z", "updated_at": "2022-01-18T04:32:12.001Z", "variations": []}}, {"model": "orders.orderproduct", "pk": 2, "fields": {"order": 27, "payment": 4, "user": 1, "product": 4, "quantity": 1, "product_price": 49.0, "ordered": true, "created_at": "2022-01-18T05:06:00.764Z", "updated_at": "2022-01-18T05:06:00.770Z", "variations": [4, 7]}}, {"model": "orders.orderproduct", "pk": 3, "fields": {"order": 27, "payment": 4, "user": 1, "product": 4, "quantity": 1, "product_price": 49.0, "ordered": true, "created_at": "2022-01-18T05:06:00.773Z", "updated_at": "2022-01-18T05:06:00.778Z", "variations": [7, 8]}}, {"model": "orders.orderproduct", "pk": 4, "fields": {"order": 27, "payment": 4, "user": 1, "product": 4, "quantity": 1, "product_price": 49.0, "ordered": true, "created_at": "2022-01-18T05:06:00.781Z", "updated_at": "2022-01-18T05:06:00.786Z", "variations": [2, 8]}}, {"model": "orders.orderproduct", "pk": 5, "fields": {"order": 28, "payment": 5, "user": 1, "product": 4, "quantity": 2, "product_price": 49.0, "ordered": true, "created_at": "2022-01-18T05:17:05.169Z", "updated_at": "2022-01-18T05:17:05.176Z", "variations": [4, 7]}}, {"model": "orders.orderproduct", "pk": 6, "fields": {"order": 28, "payment": 5, "user": 1, "product": 4, "quantity": 2, "product_price": 49.0, "ordered": true, "created_at": "2022-01-18T05:17:05.181Z", "updated_at": "2022-01-18T05:17:05.186Z", "variations": [7, 8]}}, {"model": "orders.orderproduct", "pk": 7, "fields": {"order": 28, "payment": 5, "user": 1, "product": 4, "quantity": 2, "product_price": 49.0, "ordered": true, "created_at": "2022-01-18T05:17:05.191Z", "updated_at": "2022-01-18T05:17:05.197Z", "variations": [2, 8]}}, {"model": "orders.orderproduct", "pk": 8, "fields": {"order": 29, "payment": 6, "user": 1, "product": 4, "quantity": 1, "product_price": 49.0, "ordered": true, "created_at": "2022-01-18T05:19:26.647Z", "updated_at": "2022-01-18T05:19:26.653Z", "variations": [4, 7]}}, {"model": "orders.orderproduct", "pk": 9, "fields": {"order": 29, "payment": 6, "user": 1, "product": 4, "quantity": 2, "product_price": 49.0, "ordered": true, "created_at": "2022-01-18T05:19:26.658Z", "updated_at": "2022-01-18T05:19:26.664Z", "variations": [7, 8]}}, {"model": "orders.orderproduct", "pk": 10, "fields": {"order": 29, "payment": 6, "user": 1, "product": 4, "quantity": 1, "product_price": 49.0, "ordered": true, "created_at": "2022-01-18T05:19:26.668Z", "updated_at": "2022-01-18T05:19:26.673Z", "variations": [2, 8]}}, {"model": "orders.orderproduct", "pk": 11, "fields": {"order": 30, "payment": 7, "user": 1, "product": 4, "quantity": 1, "product_price": 49.0, "ordered": true, "created_at": "2022-01-18T05:48:28.076Z", "updated_at": "2022-01-18T05:48:28.082Z", "variations": [2, 4]}}, {"model": "orders.orderproduct", "pk": 12, "fields": {"order": 31, "payment": 8, "user": 1, "product": 4, "quantity": 2, "product_price": 49.0, "ordered": true, "created_at": "2022-01-18T05:49:47.026Z", "updated_at": "2022-01-18T05:49:47.032Z", "variations": [2, 4]}}, {"model": "orders.orderproduct", "pk": 13, "fields": {"order": 32, "payment": 9, "user": 1, "product": 4, "quantity": 2, "product_price": 49.0, "ordered": true, "created_at": "2022-01-18T05:51:46.409Z", "updated_at": "2022-01-18T05:51:46.416Z", "variations": [7, 8]}}, {"model": "orders.orderproduct", "pk": 14, "fields": {"order": 33, "payment": 10, "user": 15, "product": 4, "quantity": 1, "product_price": 49.0, "ordered": true, "created_at": "2022-01-18T05:53:36.043Z", "updated_at": "2022-01-18T05:53:36.049Z", "variations": [4, 7]}}, {"model": "orders.orderproduct", "pk": 15, "fields": {"order": 34, "payment": 11, "user": 15, "product": 4, "quantity": 1, "product_price": 49.0, "ordered": true, "created_at": "2022-01-18T06:11:46.462Z", "updated_at": "2022-01-18T06:11:46.468Z", "variations": [2, 4]}}, {"model": "orders.orderproduct", "pk": 16, "fields": {"order": 35, "payment": 12, "user": 15, "product": 4, "quantity": 1, "product_price": 49.0, "ordered": true, "created_at": "2022-01-18T06:26:21.779Z", "updated_at": "2022-01-18T06:26:21.786Z", "variations": [2, 4]}}, {"model": "admin_honeypot.loginattempt", "pk": 1, "fields": {"username": "eeeee", "ip_address": "127.0.0.1", "session_key": "q4j0g1b972s4j6scix7ghfh8pgttkz5k", "user_agent": "Mozilla/5.0 (Macintosh; Intel Mac OS X 10_15_7) AppleWebKit/537.36 (KHTML, like Gecko) Chrome/94.0.4606.71 Safari/537.36 Edg/94.0.992.38", "timestamp": "2022-01-19T12:53:59.597Z", "path": "/admin/login/?next=/admin/"}}]